{"stat.walkOneCm":54714,"stat.useItem.minecraft.stone":249,"stat.useItem.minecraft.quartz_stairs":28,"stat.leaveGame":20,"stat.useItem.minecraft.log":1,"stat.useItem.minecraft.beacon":1,"stat.pickup.minecraft.carpet":105,"stat.useItem.minecraft.carpet":218,"stat.useItem.minecraft.glowstone":4,"stat.jump":37,"stat.useItem.minecraft.sand":8,"stat.swimOneCm":11797,"stat.useItem.minecraft.iron_trapdoor":5,"stat.useItem.minecraft.double_plant":1,"stat.useItem.minecraft.nether_brick_stairs":11,"stat.useItem.minecraft.piston":6,"stat.crouchOneCm":179,"stat.useItem.minecraft.stained_hardened_clay":24,"stat.useItem.minecraft.dirt":7,"stat.useItem.minecraft.trapdoor":3,"stat.useItem.minecraft.leaves":3,"stat.sprintOneCm":274,"achievement.exploreAllBiomes":{"value":0,"progress":["Plains"]},"stat.useItem.minecraft.water_bucket":1,"stat.boatOneCm":3156,"stat.useItem.minecraft.sapling":4,"achievement.openInventory":27,"stat.useItem.minecraft.dark_oak_fence":2,"stat.useItem.minecraft.hopper":2,"stat.flyOneCm":825134,"stat.useItem.minecraft.boat":3,"stat.useItem.minecraft.cobblestone_wall":1,"stat.useItem.minecraft.spruce_door":3,"stat.drop":3,"stat.playOneMinute":120806,"stat.useItem.minecraft.nether_brick":10,"stat.sneakTime":5,"stat.timeSinceDeath":120806,"stat.useItem.minecraft.fence_gate":3,"stat.diveOneCm":561}